Date,기준금리,주택건설인허가실적,전산업생산지수,주택담보대출금리,건설업_업황전망,건설업_매출전망,건설업_자금사전전망,소비자물가지수,생산자물가지수,미분양주택현황,실업률,고용률,M2,CD금리,국고채(3년),국고채(10년),국고채(30년),회사채(3년),KOSPI_종가,KOSDAQ_종가,국채 거래량,회사채 거래량,GDP,주택전세가격지수,환율,주택 거래량,경제심리지수,주택매매가격지수
13-Jan,2.75,23952,62.2697,4.55,56,68,62,92.728,104.96,75180,3.4,57.7,1841128,2.86,2.75,3.05,3.31,3.2,1961.94,503.67,121500624,573916,0.9,82.7,1066.54,39477,94.4,70.462
13-Feb,2.75,45543,61.6258,4.51,52,76,77,93.038,105.68,73386,3.9,57.5,1857135,2.83,2.7,3.04,3.3,3.06,2026.49,535.87,99040466,422222,0.9,82.9,1086.06,48592,96.2,70.421
13-Mar,2.75,75594,76.0634,4.46,58,68,72,92.952,105.26,70633,3.5,58.7,1862406,2.81,2.6,2.91,3.17,2.95,2004.89,555.02,104760077,481596,0.9,83.2,1103.81,62934,98.3,70.389
13-Apr,2.75,106509,80.5564,4.4,61,71,74,92.823,104.93,70201,3.2,60,1867726,2.8,2.55,2.84,3.15,2.91,1963.95,563.87,110564496,335381,1.2,83.6,1121.1,77082,97.9,70.391
13-May,2.5,142055,81.3058,4.33,58,74,70,92.823,104.57,66896,3,60.6,1870290,2.72,2.59,2.9,3.17,2.96,2001.05,577.87,117919540,531677,1.2,83.8,1112.1,89599,97.2,70.381
13-Jun,2.5,180263,94.5794,4.26,56,72,72,92.71,104.55,65072,3.1,60.8,1884193,2.69,2.87,3.31,3.55,3.24,1863.32,519.06,104371561,583018,1.2,84,1136.59,119495,96.3,70.353
13-Jul,2.5,216518,78.2858,4.2,63,75,77,92.909,104.53,67672,3.1,60.7,1890729,2.68,2.91,3.47,3.77,3.38,1914.03,554.31,102837076,542626,0.9,84.2,1126.15,55342,95.6,70.351
13-Aug,2.5,248497,76.3571,4.16,56,75,75,93.238,104.82,68119,3,60.2,1888658,2.66,2.94,3.61,3.91,3.33,1926.36,516.74,107601520,704174,0.9,84.6,1116.16,53390,95.3,70.323
13-Sep,2.5,282366,81.0161,4.13,60,77,76,93.419,104.71,66110,2.7,60.6,1903187,2.66,2.9,3.53,3.84,3.29,1996.96,534.89,91711124,552686,0.9,85,1084.79,55564,96.1,70.36
13-Oct,2.5,315714,85.5286,4.1,54,72,71,93.134,104.34,64433,2.7,60.8,1908558,2.66,2.83,3.44,3.76,3.25,2030.09,532.44,102088874,885785,0.9,85.6,1065.74,89955,97.6,70.503
13-Nov,2.5,355971,90.006,4.07,58,73,66,93.116,104.13,63709,2.6,60.7,1923339,2.65,2.936,3.584,3.909,3.366,2044.87,517.06,121417911,523006,0.9,86,1062.69,85975,97.8,70.626
13-Dec,2.5,440116,105.5771,4.04,61,74,68,93.229,104.37,61091,3,59.4,1932026,2.65,2.941,3.653,3.945,3.36,2011.34,499.99,102695589,684813,0.9,86.4,1056.06,99060,97.7,70.762
14-Jan,2.5,24602,69.5348,4.03,60,67,70,93.73,104.65,58576,3.4,58.8,1937046,2.65,2.892,3.647,3.961,3.319,1941.15,515.2,90188732,447012,0.9,86.9,1065.8,73570,100.2,70.842
14-Feb,2.5,54309,65.6142,4.01,63,73,79,93.98,104.78,52391,4.5,58.9,1954341,2.65,2.854,3.522,3.839,3.28,1979.99,528.96,89081811,286373,0.9,87.3,1070.97,86667,102.4,70.957
14-Mar,2.5,93278,78.0081,3.99,63,79,81,94.153,104.74,48167,3.9,59.7,1964954,2.65,2.874,3.543,3.846,3.303,1985.61,541.58,90221417,360087,0.9,87.7,1070.69,90791,100.8,71.157
14-Apr,2.5,135984,83.0545,3.97,64,76,73,94.214,104.58,45573,3.8,60.9,1970362,2.65,2.875,3.54,3.826,3.303,1961.79,559.34,94595287,402678,0.9,87.9,1042.75,90706,102.1,71.304
14-May,2.5,177536,80.3967,3.95,58,67,73,94.369,104.56,49026,3.5,61.1,1982391,2.65,2.838,3.402,3.668,3.264,1994.96,546.53,103047016,411157,0.9,87.9,1023.99,76264,100.6,71.351
14-Jun,2.5,219963,93.2507,3.92,67,76,78,94.248,104.61,50257,3.5,61.2,1999376,2.65,2.746,3.286,3.519,3.168,2002.21,537.06,128499496,374819,0.9,88,1018.7,76001,97.2,71.401
14-Jul,2.5,264535,77.6544,3.9,61,74,74,94.386,104.69,51287,3.4,61.4,2013935,2.65,2.558,3.056,3.314,2.97,2076.12,536.32,135781928,323335,0.3,88.1,1020.6,85012,95.3,71.466
14-Aug,2.25,313602,75.8052,3.87,54,70,72,94.551,104.58,44784,3.3,61.1,2031777,2.52,2.54,3.086,3.351,2.926,2068.54,570.2,116412757,253855,0.3,88.3,1024.61,85956,97.5,71.562
14-Sep,2.25,351328,77.7513,3.82,63,73,77,94.49,104.2,39168,3.1,61.1,2037601,2.35,2.405,3.012,3.256,2.786,2020.09,573.22,116103536,446316,0.3,88.5,1035.8,93313,100.2,71.758
14-Oct,2,396803,80.6642,3.75,56,79,77,94.205,103.47,40092,3.2,61.1,2051150,2.21,2.239,2.769,3.023,2.595,1964.43,558.7,135312078,336598,0.5,88.8,1060.91,114923,95.5,71.97
14-Nov,2,445984,81.6582,3.69,56,66,69,94.015,103.15,39703,3,61.1,2083254,2.14,2.138,2.692,2.979,2.466,1980.78,545.08,134476468,891610,0.5,89.1,1097.11,95776,97.1,72.116
14-Dec,2,515251,102.4852,3.63,59,67,70,94.006,102.14,40379,3.3,59.7,2088730,2.13,2.143,2.681,2.975,2.46,1915.59,542.97,116576142,439029,0.5,89.3,1103.6,102316,96.2,72.249
15-Jan,2,33271,69.4049,3.59,60,69,78,94.643,100.89,36985,3.7,59,2092224,2.13,2.039,2.415,2.7,2.356,1949.26,591.58,144300454,297306,0.8,89.6,1088.48,90006,97.8,72.345
15-Feb,2,66572,67.7543,3.56,65,77,82,94.587,100.96,33813,4.5,59.1,2109892,2.12,2.024,2.346,2.601,2.3,1985.8,624.56,122376231,325573,0.8,89.9,1098.38,85517,102.4,72.509
15-Mar,1.75,118772,78.7655,3.48,61,77,74,94.596,100.84,28897,4,59.8,2127888,1.95,1.865,2.276,2.548,2.128,2041.03,650.49,165637065,384205,0.8,90.3,1113.05,116022,100.7,72.809
15-Apr,1.75,170117,78.1957,3.34,74,72,82,94.625,100.8,28093,3.9,60.6,2148115,1.81,1.739,2.177,2.457,1.988,2127.17,689.01,159989906,249200,0.5,90.8,1085.9,121540,103,73.169
15-May,1.75,226978,78.993,3.31,69,70,77,94.89,100.87,28142,3.7,61.2,2166741,1.8,1.875,2.49,2.794,2.115,2114.8,711.39,134827363,161630,0.5,91.2,1093.03,108948,101.5,73.441
15-Jun,1.5,300080,96.9487,3.3,70,76,79,94.909,100.82,34068,3.8,61.2,2179561,1.7,1.773,2.468,2.763,2.012,2074.2,742.27,134675039,309199,0.5,91.7,1112.44,107956,91.3,73.778
15-Jul,1.5,382916,80.1522,3.25,66,76,84,95.08,100.45,33177,3.6,61.3,2200511,1.65,1.777,2.45,2.739,2.001,2030.16,725.06,131818058,266933,1.5,92,1146.16,114610,95.1,74.092
15-Aug,1.5,452185,80.5394,3.21,69,79,82,95.213,99.83,31698,3.4,60.9,2218660,1.64,1.735,2.308,2.58,1.98,1941.49,687.11,133313032,148550,1.5,92.3,1180.04,93744,96.5,74.381
15-Sep,1.5,540140,90.6777,3.16,71,79,86,94.966,99.39,32524,3.2,61.1,2230001,1.6,1.651,2.216,2.466,1.946,1962.81,678.48,148594513,338447,1.5,92.7,1185.06,88082,96.1,74.731
15-Oct,1.5,604340,86.0841,3.12,73,86,85,94.966,98.71,32221,3.1,61.2,2232432,1.58,1.627,2.088,2.271,1.962,2029.47,683.63,160644753,354016,0.7,93,1144.8,103565,96.8,74.984
15-Nov,1.5,667163,87.9084,3.09,71,81,83,94.786,98.32,49724,3,61,2242848,1.59,1.752,2.254,2.402,2.118,1991.97,688.38,159081319,265954,0.7,93.4,1153.35,101400,96.5,75.304
15-Dec,1.5,765328,118.4474,3.08,64,81,80,95.07,98.09,61512,3.2,60.1,2246070,1.67,1.719,2.181,2.3,2.143,1961.31,682.35,146733982,187279,0.7,93.7,1173.2,94474,93.4,75.441
16-Jan,1.5,47536,74.4355,3.08,58,68,70,95.232,97.56,60606,3.7,59,2261356,1.67,1.628,2.025,2.157,2.091,1912.06,682.8,173587928,208369,0.3,93.8,1203.79,75991,93.4,75.504
16-Feb,1.5,101259,73.6827,3.07,69,81,82,95.64,97.56,55103,4.9,58.9,2285314,1.64,1.474,1.826,1.946,1.95,1916.66,651.62,176739744,167912,0.3,93.9,1220.45,66800,92.1,75.558
16-Mar,1.5,163009,94.9845,3.07,62,75,77,95.393,97.5,53845,4.2,59.7,2294545,1.63,1.498,1.854,1.942,1.979,1995.85,688.38,231715367,297447,0.3,94,1182.15,85456,93.8,75.584
16-Apr,1.5,222684,88.7922,3.06,63,74,81,95.573,97.74,53816,3.9,60.5,2299081,1.61,1.468,1.81,1.92,1.94,1994.15,699.77,178644630,279931,1.2,94.1,1146.71,87499,96.6,75.615
16-May,1.5,275397,92.1681,3.05,67,80,78,95.63,97.86,55456,3.6,61.1,2312801,1.58,1.455,1.787,1.912,1.91,1983.4,698.45,197618268,323738,1.2,94.2,1174.58,91324,94.8,75.665
16-Jun,1.25,355309,113.9818,3.02,72,75,76,95.611,98.09,59999,3.6,61.3,2334256,1.43,1.334,1.617,1.739,1.789,1970.35,675.09,266922534,384270,1.2,94.3,1168.36,97897,94.4,75.734
16-Jul,1.25,416696,93.5246,2.99,64,76,80,95.431,97.98,63127,3.5,61.3,2352245,1.36,1.218,1.401,1.508,1.65,2016.19,706.24,510372015,353132,0.4,94.4,1141.7,99810,95.7,75.832
16-Aug,1.25,471528,96.4623,2.96,65,71,77,95.677,98.07,62562,3.6,61.2,2377323,1.35,1.238,1.417,1.503,1.645,2034.65,663.69,509649513,331496,0.4,94.5,1111.42,104702,97.7,75.927
16-Sep,1.25,519552,99.1526,2.94,75,80,82,96.247,98.3,60700,3.5,61.1,2383041,1.34,1.312,1.512,1.55,1.704,2043.63,681.21,300226106,242913,0.4,94.6,1106.77,98535,97.2,76.031
16-Oct,1.25,571990,101.7643,2.93,71,84,79,96.379,98.59,57709,3.3,61.2,2391059,1.35,1.361,1.596,1.649,1.781,2008.19,624.68,328591314,188607,0.6,94.7,1127.65,116878,95.9,76.215
16-Nov,1.25,636823,111.1068,2.93,70,85,85,96.237,99.03,57582,3.1,61.2,2406394,1.42,1.609,1.965,2.057,2.021,1983.48,596.11,197329372,222282,0.6,94.8,1163.22,111218,95.4,76.407
16-Dec,1.25,726048,134.4433,2.93,62,78,77,96.342,99.9,56413,3.2,60.2,2414041,1.54,1.692,2.159,2.187,2.162,2026.46,631.44,113047415,220216,0.6,94.9,1183.3,98637,93.9,76.463
17-Jan,1.25,39898,85.2952,2.94,63,76,77,97.366,101.35,59313,3.7,59.1,2417808,1.5,1.643,2.111,2.179,2.104,2067.57,616.13,163304503,220469,1,94.9,1182.24,74852,95.8,76.481
17-Feb,1.25,89480,91.038,2.96,67,80,80,97.632,101.74,61063,4.9,59.3,2420286,1.49,1.665,2.163,2.22,2.13,2091.64,612.2,236407145,293628,1,95,1143.36,74768,97.7,76.489
17-Mar,1.25,141100,114.4926,2.97,68,82,77,97.565,101.7,61679,4.1,60.3,2436995,1.48,1.709,2.221,2.31,2.208,2160.23,619.28,285080135,367957,1,95,1133.95,93876,100,76.509
17-Apr,1.25,184668,106.3692,2.97,75,84,88,97.442,101.48,60313,4.2,61,2450221,1.43,1.678,2.182,2.333,2.195,2205.44,628.24,226836285,319779,0.8,95.1,1133.57,93756,99.6,76.538
17-May,1.25,238179,107.4978,2.98,75,87,82,97.546,101.21,56859,3.6,61.5,2454387,1.39,1.69,2.257,2.421,2.216,2347.38,652.04,202808634,470570,0.8,95.2,1124.65,107308,100.6,76.578
17-Jun,1.25,297787,124.5689,2.98,76,85,79,97.338,100.81,57108,3.8,61.5,2470861,1.38,1.673,2.165,2.279,2.208,2391.79,669.04,240098272,355127,0.8,95.2,1131.62,120558,99.8,76.711
17-Jul,1.25,347967,106.254,2.99,70,91,77,97.499,100.89,54282,3.4,61.6,2472110,1.39,1.74,2.252,2.316,2.278,2402.71,650.47,272526421,268294,1.4,95.3,1133.13,130161,99.1,76.891
17-Aug,1.25,396469,105.0947,2.99,70,82,79,98.058,101.35,53130,3.6,61.2,2485630,1.39,1.78,2.287,2.358,2.32,2363.19,657.83,236504451,522946,1.4,95.4,1131.4,146281,100.1,77.074
17-Sep,1.25,454957,117.3329,3,73,81,83,98.172,102.03,54420,3.3,61.4,2492388,1.38,1.785,2.286,2.318,2.333,2394.47,652.82,198041548,309322,1.4,95.4,1132.93,122921,98.9,77.139
17-Oct,1.25,502266,101.4309,3.01,69,77,79,98.077,102.14,55707,3.2,61.4,2504594,1.38,2.026,2.455,2.39,2.574,2523.43,694.2,107261773,293801,-0.3,95.5,1129.48,98934,102,77.226
17-Nov,1.5,552558,112.9278,3.02,76,89,87,97.347,102.04,56647,3.1,61.4,2521786,1.45,2.15,2.54,2.504,2.709,2476.37,771.42,142245871,312987,-0.3,95.5,1102.82,116412,102,77.332
17-Dec,1.5,653441,136.2399,3.05,70,83,92,97.698,102.09,57330,3.3,60.4,2527641,1.66,2.1,2.472,2.414,2.649,2467.49,798.42,101575404,219791,-0.3,95.5,1085.95,114324,101.7,77.411
18-Jan,1.5,37696,98.8938,3.08,69,84,82,98.106,102.52,59104,3.7,59.5,2551196,1.66,2.19,2.626,2.544,2.722,2566.46,913.57,134448400,317017,1.3,95.5,1066.54,134312,99.4,77.556
18-Feb,1.5,81092,90.3058,3.1,75,86,85,98.855,102.95,60903,4.6,59.2,2570765,1.65,2.277,2.77,2.706,2.815,2427.36,857.06,180056721,217503,1.3,95.4,1080.7,113363,101,77.723
18-Mar,1.5,119571,108.4598,3.13,73,84,85,98.751,102.91,58004,4.5,60.2,2578362,1.65,2.271,2.708,2.68,2.831,2445.85,871.09,304183761,251666,1.3,95.2,1071.21,135730,97.8,77.917
18-Apr,1.5,166308,106.7211,3.15,70,83,83,98.931,103.04,59583,4.1,60.9,2590841,1.65,2.192,2.655,2.666,2.794,2515.38,875.95,203891687,257580,0.7,95.1,1068.05,101527,99.6,78.049
18-May,1.5,205227,105.1796,3.17,71,76,81,98.979,103.34,59836,4,61.3,2600274,1.65,2.25,2.757,2.732,2.86,2423.01,879.66,204575098,332124,0.7,94.8,1077.05,103149,101.8,78.127
18-Jun,1.5,249505,118.272,3.18,76,82,87,98.779,103.37,62050,3.7,61.4,2622268,1.65,2.175,2.656,2.625,2.805,2326.13,818.22,216352943,240353,0.7,94.6,1095.96,104209,100.2,78.203
18-Jul,1.5,307800,101.7549,3.2,74,78,88,98.59,103.85,63132,3.7,61.3,2637422,1.65,2.097,2.549,2.534,2.75,2295.26,775.52,217337649,286154,0.6,94.4,1123.05,108400,95.4,78.293
18-Aug,1.5,346099,101.0889,3.21,68,78,80,99.462,104.32,62370,4,60.9,2651503,1.65,2.019,2.458,2.409,2.656,2322.88,816.97,244442203,232313,0.6,94.2,1120.96,102407,96.5,78.46
18-Sep,1.5,376367,97.559,3.21,78,83,82,100.221,104.62,60596,3.6,61.2,2652830,1.65,1.953,2.315,2.237,2.403,2343.07,822.27,189037114,196903,0.6,94.1,1120.19,110688,99,79.232
18-Oct,1.5,412246,99.7026,3.22,70,76,82,100.041,104.26,60502,3.5,61.2,2674507,1.68,2.01,2.338,2.256,2.452,2029.69,648.67,190123873,228499,0.6,94.1,1132.78,124697,95,79.677
18-Nov,1.75,456105,102.2322,3.23,70,82,80,99.33,103.53,60122,3.2,61.4,2692975,1.71,1.94,2.209,2.087,2.403,2096.86,695.76,192262465,206847,0.6,94,1127.55,98117,94,79.799
18-Dec,1.75,554136,123.9789,3.25,71,75,76,98.988,103.03,58838,3.4,60.1,2699882,1.91,1.825,1.992,1.93,2.304,2041.04,675.65,110399369,187732,0.6,93.8,1122.65,84742,94.3,79.861
19-Jan,1.75,32023,92.7433,3.26,65,67,73,98.884,102.92,59162,4.5,59.2,2716722,1.87,1.807,1.991,2.003,2.263,2204.85,716.86,135185562,294842,-0.1,93.6,1121.72,91868,91.9,79.877
19-Feb,1.75,74277,82.4935,3.27,67,78,79,99.311,103.02,59614,4.7,59.4,2730482,1.87,1.802,1.988,2.031,2.249,2195.44,731.25,100089683,242656,-0.1,93.4,1123.66,78825,97.1,79.824
19-Mar,1.75,125140,104.8034,3.28,71,68,78,99.121,103.38,62147,4.3,60.4,2752724,1.9,1.789,1.953,1.989,2.244,2140.67,729.31,172188595,389983,-0.1,93.1,1131.88,90720,96.3,79.74
19-Apr,1.75,160756,101.5804,3.27,67,80,82,99.481,103.68,62041,4.4,60.8,2763058,1.86,1.736,1.889,1.902,2.207,2203.59,754.74,237128579,404154,1.1,92.9,1142.79,89977,97.3,79.63
19-May,1.75,190154,103.6614,3.27,70,79,79,99.652,103.79,62741,4,61.5,2771633,1.84,1.679,1.828,1.858,2.153,2041.74,696.47,160343373,324217,1.1,92.7,1184.93,82498,93.9,79.577
19-Jun,1.75,226594,117.0602,3.25,66,74,74,99.491,103.5,63705,4,61.6,2799248,1.8,1.496,1.618,1.662,2.004,2130.62,690.53,207945352,272303,1.1,92.5,1173.58,82119,94.6,79.508
19-Jul,1.5,254168,97.8823,3.22,66,69,73,99.187,103.5,62529,3.9,61.5,2811544,1.68,1.382,1.506,1.514,1.885,2024.55,630.18,201988301,335917,0.4,92.3,1177.09,104299,91.7,79.502
19-Aug,1.5,282944,97.4984,3.18,63,65,74,99.425,103.74,62385,3,61.4,2832566,1.49,1.164,1.254,1.245,1.689,1967.79,610.55,258712561,228752,0.4,92.2,1210.66,107575,91,79.546
19-Sep,1.5,314215,94.9339,3.14,66,66,75,99.794,103.8,60062,3.1,61.5,2853272,1.54,1.287,1.42,1.38,1.792,2063.05,621.76,180983602,322370,0.4,92.2,1196.79,102477,93.7,79.589
19-Oct,1.25,353972,100.1265,3.1,65,69,79,100.041,103.56,56098,3,61.7,2874176,1.46,1.357,1.577,1.556,1.861,2083.48,658.52,211896035,403939,1.2,92.3,1182.29,116757,93,79.664
19-Nov,1.25,387340,101.5383,3.06,65,70,78,99.481,103.41,53561,3.1,61.7,2901465,1.52,1.492,1.75,1.681,2.002,2087.96,632.99,199743950,248429,1.2,92.4,1168.43,123398,93.9,79.776
19-Dec,1.25,487975,130.9531,3.03,63,63,76,99.719,103.7,47797,3.4,60.8,2912434,1.53,1.39,1.653,1.597,1.948,2197.67,669.83,119948293,263083,1.2,92.6,1176.01,147148,94.7,80.054
20-Jan,1.25,23978,87.4408,3.01,70,73,83,100.09,104.08,43268,4.1,60,2929009,1.47,1.373,1.656,1.64,1.955,2119.01,642.48,155162467,242550,-1.3,92.9,1166.68,137125,97.2,80.337
20-Feb,1.25,61958,87.4244,3,69,77,87,100.16,103.74,39456,4.1,60,2954604,1.42,1.253,1.54,1.557,1.847,1987.01,610.73,197989778,279417,-1.3,93.1,1195.16,152542,89.6,80.634
20-Mar,0.75,95606,108.6054,2.97,70,70,81,99.94,102.82,38304,4.2,59.5,2984304,1.23,1.091,1.485,1.547,1.84,1754.64,569.07,138782924,369997,-1.3,93.2,1220.23,123721,68.6,81.084
20-Apr,0.75,127490,99.0258,2.94,64,59,76,99.5,101.93,36629,4.2,59.4,3015816,1.1,1.024,1.504,1.62,2.145,1947.56,645.18,177594168,277966,-3,93.3,1224.42,83012,61.4,81.27
20-May,0.5,155769,97.9702,2.91,58,63,76,99.44,101.96,33894,4.5,60.2,3046051,1.02,0.878,1.394,1.531,2.179,2029.6,713.68,161879115,383578,-3,93.4,1230.06,102531,63.4,81.382
20-Jun,0.5,188848,113.796,2.88,57,61,73,99.71,102.48,29262,4.3,60.4,3077284,0.79,0.85,1.392,1.573,2.218,2108.33,737.97,206507885,440830,-3,93.7,1207.83,158348,68.1,81.776
20-Jul,0.5,229026,96.1943,2.84,65,63,74,99.63,102.71,28883,4,60.5,3093300,0.79,0.826,1.36,1.558,2.219,2249.37,815.3,220381636,652326,2.3,94,1198.86,173221,76.8,82.495
20-Aug,0.5,257294,87.9021,2.79,64,62,80,100.19,103.22,28831,3.1,60.4,3100373,0.68,0.829,1.373,1.568,2.192,2326.17,848.24,163890114,371122,2.3,94.4,1186.26,106969,82.9,83.137
20-Sep,0.5,292980,99.7437,2.75,68,68,84,100.74,103.42,28309,3.6,60.3,3115239,0.63,0.908,1.5,1.639,2.239,2327.89,848.15,214199836,278450,2.3,94.9,1177.65,113844,77.1,83.798
20-Oct,0.5,326237,91.4724,2.72,62,63,78,100.18,103.01,26703,3.7,60.4,3152812,0.63,0.91,1.507,1.641,2.239,2267.15,792.65,162667862,227986,1.3,95.3,1141.93,113766,88.4,84.359
20-Nov,0.5,360711,103.1491,2.69,67,63,76,100.09,103.09,23620,3.4,60.7,3183501,0.66,0.965,1.61,1.714,2.247,2591.34,886.11,193085530,240587,1.3,95.9,1115.2,137937,91.4,85.568
20-Dec,0.5,457514,127.2758,2.67,75,70,80,100.33,103.9,19005,4.1,59.1,3197671,0.66,0.97,1.675,1.781,2.211,2873.47,968.42,129896369,347714,1.3,96.9,1094.5,172359,85.3,86.735
21-Jan,0.5,26183,79.3444,2.66,65,69,78,101.04,105.05,17130,5.7,57.4,3223487,0.68,0.975,1.731,1.841,2.143,2976.21,928.73,131349170,346952,1.8,97.6,1099.03,113272,92.6,87.767
21-Feb,0.5,59830,78.6394,2.66,67,71,79,101.58,105.91,15786,4.9,58.6,3271406,0.73,0.995,1.845,1.985,2.055,3012.95,913.94,153932219,264816,1.8,98.2,1112.31,107119,96.2,88.962
21-Mar,0.5,105184,100.4771,2.65,72,72,80,101.84,107.04,15270,4.3,59.8,3313182,0.75,1.133,2.04,2.103,2.091,3061.42,956.17,167676942,351658,1.8,98.6,1131.06,105463,101.2,90.135
21-Apr,0.5,149793,93.6529,2.65,72,74,80,101.98,108.06,15798,4,60.4,3358875,0.74,1.138,2.041,2.142,1.983,3147.86,983.45,159960955,288389,0.9,99,1118.32,111192,105.3,91.091
21-May,0.5,186743,89.48,2.64,82,72,83,102.05,108.65,15660,4,61.2,3379754,0.68,1.134,2.131,2.248,1.891,3203.92,981.78,129339083,280018,0.9,99.3,1123.39,109821,105.4,91.964
21-Jun,0.5,230761,105.2364,2.64,78,78,88,102.05,109.22,16289,3.8,61.3,3413900,0.66,1.302,2.103,2.191,1.913,3296.68,1029.96,137041428,431119,0.9,100,1121.99,105502,109.4,93.169
21-Jul,0.5,277354,86.5343,2.64,77,77,89,102.26,110.28,15198,3.2,61.3,3445243,0.69,1.419,1.976,2.043,1.888,3202.32,1031.14,128407662,320626,0.1,100.6,1145.14,102785,103.8,94.256
21-Aug,0.75,312860,85.9786,2.65,78,77,82,102.75,110.86,14864,2.6,61.2,3487634,0.77,1.411,1.905,1.959,1.838,3199.27,1038.33,117159111,267436,0.1,101.2,1161.1,98278,105.3,95.666
21-Sep,0.75,358990,88.4376,2.66,81,75,82,103.17,111.27,13842,2.7,61.3,3513681,0.98,1.515,2.061,2.064,1.953,3068.82,1003.27,102961904,205535,0.1,101.8,1170.43,89499,104.5,97.123
21-Oct,0.75,405704,89.53,2.69,77,76,82,103.35,112.43,14075,2.8,61.4,3543364,1.08,1.842,2.399,2.311,2.302,2970.68,992.33,91279433,241553,1.4,102.5,1181.87,85762,105.6,98.14
21-Nov,1,448092,94.9654,2.73,77,79,85,103.87,113.23,14094,2.6,61.5,3594723,1.17,1.953,2.355,2.321,2.492,2839.01,965.63,102770002,222891,1.4,102.9,1183.37,78341,106.3,99.224
21-Dec,1,545412,127.2681,2.77,78,80,83,104.04,113.21,17710,3.5,60.4,3620057,1.27,1.8,2.187,2.221,2.41,2977.65,1033.98,62505200,327797,1.4,103.2,1183.78,69439,104.5,99.72
22-Jan,1.25,39614,83.3435,2.82,73,78,85,104.69,114.4,21727,4.1,59.6,3634342,1.39,2.06,2.492,2.423,2.632,2663.34,872.87,86867538,354642,0.7,103.3,1195.3,64841,105.7,100
22-Feb,1.25,70128,75.2849,2.88,77,77,85,105.3,114.95,25254,3.4,60.6,3656136,1.5,2.285,2.69,2.618,2.873,2699.18,881.07,83649565,235113,0.7,103.2,1197.75,62688,105.8,100.207
22-Mar,1.25,112282,95.3447,2.93,83,83,85,106.06,116.7,27974,3,61.4,3672133,1.5,2.369,2.784,2.693,3.028,2757.65,944.53,109786168,256522,0.7,103.2,1221.27,62391,103.5,100.306
22-Apr,1.5,160842,91.3307,2.98,82,82,83,106.85,118.59,27180,3,62.1,3676561,1.64,2.941,3.219,3.122,3.631,2695.05,904.75,107003798,277378,0.8,103.2,1235.09,74575,105.8,100.517
22-May,1.75,209058,96.215,3.03,80,85,77,107.56,119.43,27375,3,63,3698958,1.77,3.019,3.295,3.173,3.775,2685.9,893.36,112426491,305825,0.8,103.2,1268.38,63769,106.8,100.768
22-Jun,1.75,259759,106.4475,3.1,76,91,82,108.22,120.1,27910,3,62.9,3721123,1.99,3.477,3.64,3.415,4.233,2332.64,745.44,88436458,306211,0.8,103.2,1280.83,60119,102.6,100.869
22-Jul,2.25,295855,87.6071,3.17,74,85,82,108.74,120.44,31284,2.9,62.9,3730449,2.41,3.238,3.3,3.139,4.126,2451.5,803.62,76766884,297423,0.2,103.1,1307.45,42595,97.8,100.869
22-Aug,2.5,347458,90.5869,3.27,71,82,83,108.62,119.98,32722,2.1,62.8,3749205,2.79,3.247,3.322,3.249,4.227,2472.05,807.04,85558287,318739,0.2,102.8,1320.35,51007,99.3,100.728
22-Sep,2.5,380200,91.867,3.38,74,86,80,108.93,120.06,41604,2.4,62.7,3758122,3.01,3.903,3.897,3.69,4.9,2155.49,672.65,73469465,299790,0.2,102.3,1396.5,37727,98,100.568
22-Oct,3,428318,97.9322,3.52,74,85,76,109.21,120.68,47217,2.4,62.7,3770500,3.69,4.235,4.267,4.058,5.436,2293.61,695.33,61115167,277230,-0.3,101.4,1425.83,39369,95.4,100.014
22-Nov,3.25,467036,106.1653,3.66,70,79,73,109.1,120.29,58027,2.3,62.7,3805856,3.99,3.895,3.915,3.885,5.487,2472.53,729.54,56596826,302870,-0.3,99.9,1357.86,38186,91.2,98.909
22-Dec,3.25,521791,127.7518,3.83,63,79,64,109.28,119.79,68107,3,61.3,3800061,4.02,3.63,3.541,3.531,5.302,2236.4,679.29,38693250,282017,-0.3,97.4,1294.42,52385,91.5,97.894
23-Jan,3.5,21425,86.3587,3.96,59,77,67,110.1,120.25,75359,3.6,60.3,3795362,3.8,3.46,3.411,3.414,4.704,2425.08,740.49,51592358,310751,0.3,95.2,1245.34,39124,90.1,96.612
23-Feb,3.5,54375,89.9543,4.05,55,72,63,110.38,120.46,75438,3.1,61.1,3806665,3.52,3.47,3.45,3.379,4.274,2412.85,791.6,75680335,253269,0.3,93.5,1276.54,63909,91.6,95.848
23-Mar,3.5,86444,106.8551,4.12,56,70,68,110.56,120.59,72104,2.9,62.2,3811139,3.61,3.461,3.448,3.383,4.184,2476.86,847.52,95460196,394640,0.3,92.4,1305.4,59750,91.5,95.054
23-Apr,3.5,123371,102.6526,4.16,60,77,70,110.8,120.5,71365,2.8,62.7,3793260,3.5,3.263,3.319,3.3,4.072,2501.53,842.83,88227908,277424,0.6,91.9,1322.05,58791,93.8,94.316
23-May,3.5,157534,101.7229,4.19,69,78,70,111.13,120.03,68865,2.7,63.5,3785013,3.64,3.33,3.402,3.442,4.139,2577.12,856.94,118316697,250919,0.6,91.6,1327.93,70317,94.2,93.766
23-Jun,3.5,189213,115.8033,4.21,67,79,69,111.12,119.77,66388,2.7,63.5,3801207,3.75,3.548,3.611,3.659,4.356,2564.28,868.24,132833340,307173,0.6,91.4,1296.55,71937,95.7,93.536
23-Jul,3.5,207278,96.5414,4.21,69,80,77,111.2,120.08,63087,2.7,63.2,3822037,3.75,3.638,3.681,3.637,4.437,2632.58,935.97,115221974,348012,0.6,91.4,1283.22,66698,94.1,93.36
23-Aug,3.5,212757,100.3359,4.22,70,78,78,112.33,121.17,61811,2,63.1,3830917,3.7,3.727,3.86,3.753,4.5,2556.27,928.4,102790985,431495,0.6,91.5,1321.54,68888,94,93.308
23-Sep,3.5,255871,105.2245,4.24,65,76,76,112.99,121.67,59806,2.3,63.2,3851816,3.76,3.842,3.949,3.802,4.602,2465.07,841.02,81406408,367577,0.6,91.8,1331.73,63061,92.7,93.365
